bus,voltage_pu,angle,penetration_pct,load_mult,converged,distance_km
sourcebus,0.9999735655883522,29.992738866061895,0,1.0,True,
650,0.9999107900848003,-0.011138980826177983,0,1.0,True,
rg60,1.056033143819324,-0.01308671700471866,0,1.0,True,0.0
633,1.0113009764965395,-2.59462926162611,0,1.0,True,0.7619999999999999
634,0.9871595707364196,-3.279911406234605,0,1.0,True,
671,0.9827968680110032,-5.37376969586427,0,1.0,True,1.2191999999999998
645,1.0197286174291875,-121.940137124525,0,1.0,True,0.7619999999999999
646,1.0180126704388597,-122.01576134642072,0,1.0,True,0.8534399999999999
692,0.9827968586444553,-5.373769569236181,0,1.0,True,1.2192003047999997
675,0.9762726889015545,-5.62274907131586,0,1.0,True,1.3716003047999998
611,0.9608427430890604,115.73820199802974,0,1.0,True,1.4020799999999998
652,0.9753338819618049,-5.322388173566026,0,1.0,True,1.5544799999999999
670,1.0040249149992404,-3.455842746605713,0,1.0,True,0.8129015999999999
632,1.014343366175742,-2.52934428621472,0,1.0,True,0.6095999999999999
680,0.9827968805493558,-5.373770053986291,0,1.0,True,1.5239999999999998
684,0.980873472633633,-5.397043830196654,0,1.0,True,1.3106399999999998
sourcebus,0.9999869342989613,29.99457896421254,20,1.0,True,
650,0.9999289393125101,-0.008617168506226482,20,1.0,True,
rg60,1.0560702265067063,-0.009876515261356661,20,1.0,True,0.0
633,1.0169950376366181,-2.0744953002597866,20,1.0,True,0.7619999999999999
634,0.9929956573569014,-2.7519541609594373,20,1.0,True,
671,0.9914787731329278,-4.482289483670928,20,1.0,True,1.2191999999999998
645,1.020925306840931,-121.44927863644826,20,1.0,True,0.7619999999999999
646,1.0192060231843094,-121.52514925491882,20,1.0,True,0.8534399999999999
692,0.991478765872301,-4.482289362335159,20,1.0,True,1.2192003047999997
675,0.985574495814704,-4.705752747758717,20,1.0,True,1.3716003047999998
611,0.9691280887891761,116.67261651986695,20,1.0,True,1.4020799999999998
652,0.9839420021325904,-4.430728782209257,20,1.0,True,1.5544799999999999
670,1.0104445751022888,-2.8424008259525304,20,1.0,True,0.8129015999999999
632,1.019529061534044,-2.047931665401871,20,1.0,True,0.6095999999999999
680,0.9914787857970633,-4.482289840526573,20,1.0,True,1.5239999999999998
684,0.9895304842282496,-4.505384438839881,20,1.0,True,1.3106399999999998
sourcebus,0.9999991022832851,29.996422785406864,40,1.0,True,
650,0.9999454059918698,-0.006102619265774677,40,1.0,True,
rg60,1.0561048472620393,-0.006658041430581631,40,1.0,True,0.0
633,1.022474750409589,-1.5653757245904691,40,1.0,True,0.7619999999999999
634,0.998610500069682,-2.23543145357115,40,1.0,True,
671,0.9998831049506536,-3.617080031517174,40,1.0,True,1.2191999999999998
645,1.0220182697424023,-120.95546688304027,40,1.0,True,0.7619999999999999
646,1.0202957892376314,-121.03156253109195,40,1.0,True,0.8534399999999999
692,0.9998830997564118,-3.617079915142568,40,1.0,True,1.2192003047999997
675,0.99458212744304,-3.816225780659316,40,1.0,True,1.3716003047999998
611,0.976840209573334,117.5906105055012,40,1.0,True,1.4020799999999998
652,0.9922748657851767,-3.5653479644554413,40,1.0,True,1.5544799999999999
670,1.0166193348221442,-2.243601289457978,40,1.0,True,0.8129015999999999
632,1.0245048089028672,-1.5765593840051175,40,1.0,True,0.6095999999999999
680,0.9998831177377723,-3.6170803872765727,40,1.0,True,1.5239999999999998
684,0.9979106759339398,-3.640003621086064,40,1.0,True,1.3106399999999998
sourcebus,1.0000101063258215,29.99826857612634,60,1.0,True,
650,0.999960284188549,-0.0035966182848379716,60,1.0,True,
rg60,1.0561371421238477,-0.003434042034593133,60,1.0,True,0.0
633,1.0277611349722475,-1.0663964334353584,60,1.0,True,0.7619999999999999
634,1.0040259643915668,-1.7294202948290003,60,1.0,True,
671,1.0080401948816207,-2.775891767619276,60,1.0,True,1.2191999999999998
645,1.0229970537913091,-120.45850877981938,60,1.0,True,0.7619999999999999
646,1.0212715219055728,-120.53481038977806,60,1.0,True,0.8534399999999999
692,1.0080401917171102,-2.7758916559132985,60,1.0,True,1.2192003047999997
675,1.0033274520904831,-2.9518196958300367,60,1.0,True,1.3716003047999998
611,0.9840155428051073,118.49396749907217,60,1.0,True,1.4020799999999998
652,1.0003625555618243,-2.7239957168077678,60,1.0,True,1.5544799999999999
670,1.0225741535912634,-1.6582431726705888,60,1.0,True,0.8129015999999999
632,1.0292911905830826,-1.1144270436359236,60,1.0,True,0.6095999999999999
680,1.0080402077893573,-2.7758921224344486,60,1.0,True,1.5239999999999998
684,1.0060443012529405,-2.798651373438394,60,1.0,True,1.3106399999999998
